{
    "Ar36": {
        "error": 0.000208689026023993, 
        "filter_outliers_dict": {
            "filter_outliers": true, 
            "iterations": 2, 
            "std_devs": 2
        }, 
        "fit": "Parabolic", 
        "value": 0.0032029781870373275
    }, 
    "Ar37": {
        "error": 0.01213906383796756, 
        "filter_outliers_dict": {
            "filter_outliers": true, 
            "iterations": 2, 
            "std_devs": 2
        }, 
        "fit": "linear", 
        "value": 0.047233628657064396
    }, 
    "Ar38": {
        "error": 0.014489759574594816, 
        "filter_outliers_dict": {
            "filter_outliers": true, 
            "iterations": 2, 
            "std_devs": 2
        }, 
        "fit": "linear", 
        "value": -0.11784262677061583
    }, 
    "Ar39": {
        "error": 0.022301641120681545, 
        "filter_outliers_dict": {
            "filter_outliers": true, 
            "iterations": 2, 
            "std_devs": 2
        }, 
        "fit": "Parabolic", 
        "value": 0.09738470491368961
    }, 
    "Ar40": {
        "error": 0.019860488482760175, 
        "filter_outliers_dict": {
            "filter_outliers": true, 
            "iterations": 2, 
            "std_devs": 2
        }, 
        "fit": "Parabolic", 
        "value": 0.3370266935707137
    }
}